age_tree,min,max
0.9655172413793104,18,19
0.6956521739130435,20,20
0.5187234042553192,21,30
0.46407185628742514,31,34
0.41020408163265304,35,38
0.3678665496049166,39,52
0.2762237762237762,53,70
0.125,71,96
