juv_misd_count_tree,min,max
0.4328944782865003,0,0
0.6769911504424779,1,1
0.8363636363636363,2,2
0.75,3,4
1.0,5,13
