juv_other_count_tree,min,max
0.4271728271728272,0,0
0.7447552447552448,1,1
0.6111111111111112,2,2
0.8928571428571429,3,3
0.75,4,4
0.6666666666666666,5,5
1.0,6,9
0.5,7,7
