juv_fel_count_tree,min,max
0.43853246254321937,0,0
0.7230769230769231,1,1
0.725,2,2
0.7142857142857143,3,3
0.7777777777777778,4,4
1.0,5,20
