priors_count_tree,min,max
0.2902621722846442,0,0
0.3583984375,1,1
0.4292527821939587,2,2
0.5316326530612245,3,5
0.6038251366120219,6,7
0.7030015797788309,8,16
0.8238636363636364,17,38
