age_tree,min,max
0.00042826552462526765,17,21
0.018121911037891267,22,23
0.05098684210526316,24,25
0.10586944596818432,26,28
0.19682151589242053,29,33
0.26428027418126426,34,35
0.3649738544713286,36,59
0.24032586558044808,60,90
