capital_gain_tree,min,max
0.20548128939956187,0,0
0.0,114,34095
0.918918918918919,3103,3103
0.803921568627451,4386,4386
1.0,4687,99999
