capital_loss_tree,min,max
0.22716977906927055,0,1539
1.0,1564,1564
0.0,1573,1741
0.125,1755,1816
0.5555555555555556,1825,1876
0.9422110552763819,1887,1977
0.061946902654867256,1980,2206
0.6838709677419355,2231,4356
