education_num_tree,min,max
0.0,1,1
0.058414903694347965,2,8
0.17133886521641623,9,10
0.25219298245614036,11,12
0.41978408234998743,13,13
0.5570672713529856,14,14
0.7256011315417256,15,16
