hours_per_week_tree,min,max
0.21951219512195122,1,2
0.0683698296836983,3,34
0.16112852664576802,35,38
0.20987225167289475,39,41
0.36276083467094705,42,46
0.3032967032967033,47,49
0.4414053289318557,50,65
0.34717607973421927,66,99
