age_tree,min,max
0.001525165226232842,17,21
0.017436791630340016,22,23
0.05934195064629847,24,26
0.09644670050761421,27,27
0.15066079295154186,28,29
0.23235613463626492,30,35
0.3660579064587973,36,61
0.24700854700854702,62,90
