capital_loss_tree,min,max
0.23364140480591497,0,1539
1.0,1564,1564
0.0,1573,1741
0.14285714285714285,1755,1816
0.5633802816901409,1825,1876
0.9427207637231504,1887,1977
0.16233766233766234,1980,2377
0.8875,2392,3770
