capital_gain_tree,min,max
0.21256878077034463,0,0
0.0,114,41310
0.9305555555555556,3103,3103
0.8269230769230769,4386,4386
1.0,4687,99999
