education_num_tree,min,max
0.031496062992125984,1,3
0.06724782067247821,4,8
0.17797222445211527,9,10
0.2460824143934997,11,12
0.42014350252458144,13,13
0.5746455379482902,14,14
0.7561683599419449,15,16
