hours_per_week_tree,min,max
0.06742261722341404,1,31
0.1016949152542373,32,34
0.162109375,35,39
0.21648906337633203,40,41
0.28888888888888886,42,43
0.36670071501532175,44,49
0.44287184765826043,50,61
0.36175710594315247,62,99
