age_tree,min,max
0.3076923076923077,19,20
0.40476190476190477,21,25
0.30985915492957744,26,32
0.40816326530612246,33,34
0.12903225806451613,35,35
0.21176470588235294,36,39
0.285,40,61
0.18181818181818182,62,75
