duration_tree,min,max
0.10344827586206896,4,6
0.0,7,8
0.2692307692307692,9,12
0.15254237288135594,13,15
0.3875,16,18
0.3310104529616725,20,42
1.0,45,45
0.5777777777777777,47,72
